<?xml version="1.0" encoding="UTF-8"?>
<project-private xmlns="http://www.netbeans.org/ns/project-private/1">
    <editor-bookmarks xmlns="http://www.netbeans.org/ns/editor-bookmarks/2" lastBookmarkId="0"/>
    <open-files xmlns="http://www.netbeans.org/ns/projectui-open-files/2">
        <group>
            <file>file:/C:/Users/Keane/Documents/CMUMSIS/DS/DistributedSystems/DistributedAssignment1/src/LoggerMain.java</file>
            <file>file:/C:/Users/Keane/Documents/CMUMSIS/DS/DistributedSystems/DistributedAssignment1/src/MulticastMessage.java</file>
            <file>file:/C:/Users/Keane/Documents/CMUMSIS/DS/DistributedSystems/DistributedAssignment1/src/TimeStamp.java</file>
            <file>file:/C:/Users/Keane/Documents/CMUMSIS/DS/DistributedSystems/DistributedAssignment1/src/TimeStampedMessage.java</file>
            <file>file:/C:/Users/Keane/Documents/CMUMSIS/DS/DistributedSystems/DistributedAssignment1/src/MessagePasser.java</file>
            <file>file:/C:/Users/Keane/Documents/CMUMSIS/DS/DistributedSystems/DistributedAssignment1/src/Main.java</file>
            <file>file:/C:/Users/Keane/Documents/CMUMSIS/DS/DistributedSystems/DistributedAssignment1/src/Group.java</file>
            <file>file:/C:/Users/Keane/Documents/CMUMSIS/DS/DistributedSystems/DistributedAssignment1/src/Message.java</file>
        </group>
    </open-files>
</project-private>
